ID,matched_score
1,0.7842592927972488
2,0.6422104622829606
3,0.5093724539035764
4,0.43456305683950547
5,0.6715240363309254
6,0.7044143191691699
7,0.7156215609349277
8,0.7738605332405157
9,0.6422800506700288
10,0.708672839805756
11,0.6862096300157419
12,0.8482198771933008
13,0.6279276246568787
14,0.38024628326740695
15,0.3987387834786505
16,0.7562864518475911
17,0.7122178013092368
18,0.6862669074211969
19,0.6934218911101959
20,0.8642899155013484
21,0.6665152018829266
22,0.6062356996151336
23,0.5290766001111753
24,0.7184855536991649
25,0.8860884265990533
26,0.744096717273018
27,0.5731159188045308
28,0.7163466528545976
29,0.46172089051731324
30,0.7855693267329527
31,0.6787011975832444
32,0.7426385754798976
33,0.8364818441857893
34,0.45801465153428567
35,0.7912827594821841
36,0.7385167257557497
37,0.8149944600497927
38,0.5555623642430493
39,0.5829913379460491
40,0.7753378339980879
41,0.7358045877493778
42,0.7726278312691118
43,0.829938783155931
44,0.4803720959228128
45,0.773952345045176
46,0.7645377519530773
47,0.6747691660289195
48,0.7070019414258424
49,0.508308119965005
50,0.501478958306347
51,0.8087143602253377
52,0.7111938487437457
53,0.7212464784168305
54,0.8447841500383888
55,0.7148680697265253
56,0.5686258531039545
57,0.8279759790817749
58,0.6299945833232329
59,0.583057150694481
60,0.4633977362948618
61,0.7241948364783602
62,0.7683660352824926
63,0.7671017854458572
64,0.4430140630991298
65,0.6193834509942729
66,0.6383483483974954
67,0.6979319867325482
68,0.7393380143155697
69,0.8061492952823321
70,0.712771356553203
71,0.7809795242494799
72,0.7118237243408465
73,0.5636056043110979
74,0.7655602970821263
75,0.6893796904817362
76,0.6970186373916519
77,0.42233906920487685
78,0.5375413343228251
79,0.8409554917092833
80,0.40848515711611755
81,0.6294690351909158
82,0.5930279751067703
83,0.7102088579848521
84,0.5569790541931027
85,0.487284981174112
86,0.6524548730212875
87,0.622743301622259
88,0.607203804664947
89,0.773831130186309
90,0.7257203641936277
91,0.7353613405833996
92,0.5421135932916821
93,0.6052170673863618
94,0.5477414833875366
95,0.5511995729279472
96,0.7485722418246106
97,0.776875192543278
98,0.620623824125718
99,0.7427759316056757
100,0.7369989106991972
101,0.7213580245319597
102,0.40766526176904094
103,0.766516025280519
104,0.4936072934374982
105,0.7593916521203254
106,0.4189412497695107
107,0.6654710186588965
108,0.7294789537562011
109,0.6787210755775996
110,0.5423557211226454
111,0.6597436050018384
112,0.7510857085954246
113,0.7322929809911632
114,0.7728621034394605
115,0.6154033609664582
116,0.7991165022417286
117,0.6810364022970196
118,0.8311833887524263
119,0.8216624996232893
120,0.7559884912100059
121,0.5168094478709295
122,0.6905897155411077
123,0.7183027098328552
124,0.8395930135643052
125,0.7591579693280258
126,0.7942745003819008
127,0.682929280591275
128,0.4096635479336592
129,0.637554073011708
130,0.502967534650781
131,0.7238289527430544
132,0.626351830009668
133,0.5907574598303676
134,0.686045179884339
135,0.8214615332208974
136,0.37188387625290115
137,0.7719920505289701
138,0.6740526960764739
139,0.7374117218163362
140,0.6386839275845002
141,0.33116411192609674
142,0.7492654009107467
143,0.742016617116581
144,0.7338924797803764
145,0.7702738191396233
146,0.6930224488491284
147,0.7174348304145487
148,0.6220049018456062
149,0.4515498745949651
150,0.7499751131379655
151,0.6599711248152339
152,0.808281940235221
153,0.6291142662441849
154,0.5284339269536544
155,0.621345795780274
156,0.7494605446539214
157,0.4146351094623124
158,0.4563016077215767
159,0.7829027494548457
160,0.3675551001661362
161,0.8563242591965312
162,0.6268040459587012
163,0.7404905662399719
164,0.44568714096716344
165,0.7627639084911637
166,0.42262730929274694
167,0.40926730765952185
168,0.793148866658291
169,0.8332681684209757
170,0.6801556344180033
171,0.7702715786900305
172,0.8314110338179361
173,0.8516015338152454
174,0.6310962499898071
175,0.6089731760781399
176,0.7273617413205666
177,0.7654732463754024
178,0.518593181139124
179,0.7819186572022585
180,0.7356445544922436
181,0.8426006188940413
182,0.7589433176696649
183,0.3886325805399443
184,0.5528238339216288
185,0.6648258739915911
186,0.6445871109416409
187,0.6725831719362728
188,0.7341081864622077
189,0.7795061709278409
190,0.8574835372879377
191,0.8257069236285287
192,0.7790598189256797
193,0.6319143745909113
194,0.40008406162045007
195,0.8541356992314171
196,0.8054650420306684
197,0.5915305023774976
198,0.8483615719188257
199,0.8290529290466812
200,0.5214559683660641
201,0.7450623396907776
202,0.6664952284650821
203,0.8106675845715834
204,0.8475394389738744
205,0.7807700670823258
206,0.7493173573973118
207,0.6985211752718781
208,0.5414215871346463
209,0.6165363902998758
210,0.45417038887336036
211,0.780917771541545
212,0.4233497047485608
213,0.7599081838506454
214,0.8385142640476053
215,0.6647431122397924
216,0.7205930036592609
217,0.49545841060937557
218,0.6257273079222042
219,0.7252826999350281
220,0.6504037600806996
221,0.6859241450991804
222,0.5802553342198331
223,0.6655862435808817
224,0.5640993099274837
225,0.8627543772208934
226,0.7131669750895901
227,0.734410318855681
228,0.6599017725676316
229,0.7723403017116336
230,0.7564608415908158
231,0.4898996783459532
232,0.5484372565275585
233,0.3814216507657239
234,0.6764337136727978
235,0.8429659217302872
236,0.42116138687591054
237,0.6312206668521071
238,0.6870833661736374
239,0.7067519567652227
240,0.6537698746879845
241,0.7594560320066286
242,0.4457375533813697
243,0.4604145863180481
244,0.6329083666394955
245,0.6837526819659223
246,0.6678518696067081
247,0.6653431378056396
248,0.6617004544454417
249,0.7072150277224061
250,0.6166497069467282
251,0.7438912060644891
252,0.6538353959088092
253,0.7262719858520368
254,0.7274749980424191
255,0.7733937849183654
256,0.7494171120915131
257,0.5583348686137038
258,0.7243790189487516
259,0.8052151814079989
260,0.7323016090025081
261,0.6174583765069055
262,0.6267085868853869
263,0.6293852643659993
264,0.47903186642057066
265,0.7993099780508481
266,0.710294762714848
267,0.7536753474303644
268,0.6843065939978794
269,0.692134565804959
270,0.6826756116651553
271,0.713880736812601
272,0.7424942397604337
273,0.6593157329501464
274,0.49972037394566593
275,0.7833422922065574
276,0.7683127236656921
277,0.7093889217459125
278,0.5342409215693877
279,0.8070639652163177
280,0.7121201416017848
281,0.5035148929930781
282,0.7218800055477264
283,0.6172827871881028
284,0.6931312654576973
285,0.7103591557261525
286,0.6132375758356531
287,0.6497953987525058
288,0.7130083906239997
289,0.654961700570935
290,0.6798502408416182
291,0.7017630488829645
292,0.7448628464641764
293,0.5727382800956954
294,0.6597028827739038
295,0.6852986006001711
296,0.6847063735290617
297,0.8451741267461372
298,0.8061448354997645
299,0.5644663994902691
300,0.6780867531584315
301,0.7901104582198752
302,0.7572038482343657
303,0.7619107973633805
304,0.3311298437888598
305,0.7515919869866814
306,0.36069769995120926
307,0.8425466776058602
308,0.7837843459516792
309,0.6140632899193136
310,0.6741566778012634
311,0.7067896892459864
312,0.7075317656675102
313,0.7921115378520301
314,0.6755243114721544
315,0.5755585350303462
316,0.7378561714201411
317,0.7733178543434718
318,0.4539152594342375
319,0.6638409028368899
320,0.7956195696015578
321,0.6962050824037268
322,0.7736401681479952
323,0.360873494703591
324,0.7728578736599347
325,0.6657581509291786
326,0.7086496905632136
327,0.5305744957941527
328,0.8306312533835063
329,0.6966011597982777
330,0.708281465320888
331,0.7211659699554831
332,0.8691507124466129
333,0.32197627051858035
334,0.803216797082242
335,0.55300330468105
336,0.40636456237294805
337,0.5195293571417402
338,0.6825096131458098
339,0.7686248765961536
340,0.5335028679441046
341,0.817841587541595
342,0.5972426875851241
343,0.8009730422666386
344,0.49361235251896657
345,0.7896090470842869
346,0.7788676763416768
347,0.7653194887859346
348,0.7432107469355487
349,0.8284167761034467
350,0.6506100716266144
351,0.5233520687271787
352,0.40341895127750005
353,0.8249285508529419
354,0.697481830698323
355,0.7326871614555113
356,0.7902002032561815
357,0.5742449291625397
358,0.7134075588313441
359,0.6257994322811793
360,0.64276626226702
361,0.8871432274269191
362,0.6286030726671246
363,0.846417134275788
364,0.5991079969808312
365,0.6290911271656099
366,0.674062211922069
367,0.7205080011168195
368,0.8188393615212581
369,0.47781858134535504
370,0.5292821294862866
371,0.39690960681292164
372,0.6636619641164044
373,0.790107580908512
374,0.6947870897824049
375,0.6907471815099127
376,0.7363111235853861
377,0.7151228955706883
378,0.7860502066410351
379,0.6818157793154187
380,0.36693388767787743
381,0.5578521712267726
382,0.6640117643353547
383,0.7819480112725834
384,0.4176920332852673
385,0.7676238115743316
386,0.8542970171071909
387,0.8524150324555819
388,0.5731963104952327
389,0.808890512653837
390,0.6420732663876836
391,0.47158312811484093
392,0.7197030251366913
393,0.6517574376107466
394,0.5475609187110178
395,0.6797150837391971
396,0.5346760739472418
397,0.6392495857750531
398,0.43592242903689815
399,0.7406153962486222
400,0.7725052505376679
401,0.6033567029306427
402,0.6437596591611183
403,0.6188845357803283
404,0.6040182726785661
405,0.5634027508522995
406,0.6865468819256433
407,0.5433370831842753
408,0.6825079866408168
409,0.7919504672098352
410,0.7453848813872497
411,0.8800245714269943
412,0.7923084193822842
413,0.7119350934515477
414,0.8438160544054161
415,0.3538499204055877
416,0.523755313470596
417,0.5514544701391538
418,0.706543566840778
419,0.8342126591843134
420,0.4848645725122487
421,0.48298947906721834
422,0.43027841912511045
423,0.7420929463413926
424,0.49254948677098936
425,0.604197614191158
426,0.7559302612786478
427,0.7887511884478227
428,0.47139410230983747
429,0.49334677347606587
430,0.8180052301646212
431,0.7771544410080256
432,0.4747880003202386
433,0.6617130771985746
434,0.6634946744906006
435,0.6683689847738805
436,0.8544911623469815
437,0.46761266973077253
438,0.7357366965291214
439,0.6110384374349908
440,0.510242772331443
441,0.5572259807463033
442,0.548700247964973
443,0.710297279422978
444,0.3960409550837397
445,0.6794489944827334
446,0.5429451643938797
447,0.7896864739865544
448,0.753627162935586
449,0.5475168734294416
450,0.6604477470925771
451,0.36614527551006015
452,0.654264815980311
453,0.6760155132782262
454,0.5975514583009037
455,0.822966188568863
456,0.711067975172571
457,0.51440023684568
458,0.7736809019219207
459,0.668164871648179
460,0.8380866524085242
461,0.4723051771992897
462,0.42957998207162384
463,0.47518877832244233
464,0.44891897930091584
465,0.6326286883951451
466,0.46382222495314934
467,0.8428685149679662
468,0.6234702580003488
469,0.7423088673286526
470,0.738386860417878
471,0.7026351279075431
472,0.5940381085528107
473,0.8136166363959338
474,0.5700971092968559
475,0.4943390258874488
476,0.6885267803659315
477,0.5972798886485399
478,0.5314711403034118
479,0.7391636873128017
480,0.7248098990563947
481,0.4815277217400322
482,0.7658484633970557
483,0.752882246937481
484,0.7541271101725795
485,0.48735077713021463
486,0.5206106155629306
487,0.7650154207785766
488,0.644518979385122
489,0.6700689919445351
490,0.7987954052991861
491,0.6555064075305084
492,0.6554166103664683
493,0.7072661323772664
494,0.7245761872099912
495,0.7027239459899278
496,0.5465375672459679
497,0.6130912286741816
498,0.6602555493574527
499,0.7275378043796036
500,0.7812956936900937
501,0.7898064340698244
502,0.6781678738764021
503,0.5711466287955769
504,0.625565343992544
505,0.8012358114485434
506,0.7398577339008354
507,0.608869303606626
508,0.6186975215420494
509,0.7671854937161751
510,0.6940636937414563
511,0.7279817104927325
512,0.7927772851072507
513,0.7089810388995937
514,0.5882986516204745
515,0.6001650899300183
516,0.6700773642306717
517,0.5204456196942571
518,0.6837373082008953
519,0.810127865607551
520,0.641256890312489
521,0.7383252588813574
522,0.6239466462029946
523,0.852036771963981
524,0.8210140641294403
525,0.8137746018626115
526,0.44057425974157377
527,0.6370904441200167
528,0.6853550854948565
529,0.7384903383681771
530,0.6401136349604939
531,0.6427702668828275
532,0.41477685591853686
533,0.6371877592021354
534,0.7054126964047751
535,0.5849723540278907
536,0.6428502047329727
537,0.791980591542925
538,0.7227461147952108
539,0.6040431238900488
540,0.727499640874546
541,0.6387365358432846
542,0.855709864510664
543,0.6155242932073103
544,0.510729864041915
545,0.6869698202232919
546,0.854585333538681
547,0.5209172179062479
548,0.8088373601219826
549,0.7207268377073074
550,0.7661196378478056
551,0.7351901185306844
552,0.8266014056135644
553,0.7786096782161962
554,0.37164275395494795
555,0.6516298392729065
556,0.77281493917701
557,0.7951827419021251
558,0.7564129295893166
559,0.48159106372537397
560,0.4612367369936924
561,0.46715984294085916
562,0.8213036234977407
563,0.6744294754188995
564,0.5544108855196384
565,0.7190878014028104
566,0.7022913183938083
567,0.7617586464792184
568,0.4408746162383239
569,0.3879353385909615
570,0.6147408617965543
571,0.7188947750702543
572,0.40361525075908233
573,0.829944809265716
574,0.6323059287154675
575,0.7340778297053578
576,0.5039791699974792
577,0.7591515981150982
578,0.5559209451010283
579,0.5194048010375146
580,0.48099783434597315
581,0.7467446487571732
582,0.7361023810086897
583,0.6848885577050071
584,0.7146143103036737
585,0.6068083071734183
586,0.554665632503729
587,0.8448797414904492
588,0.6458154453815503
589,0.621587817808775
590,0.6551072032953927
591,0.8998096082228599
592,0.7471655943864051
593,0.43247595036395325
594,0.672903189751372
595,0.6411186386947088
596,0.6877295758345753
597,0.4344706029235116
598,0.4446367090410585
599,0.6716595765079003
600,0.810938816801233
601,0.72985087883113
602,0.8538883398959205
603,0.4022730451005092
604,0.8489692831075635
605,0.6743096624293488
606,0.847147479926084
607,0.7328360326019641
608,0.5995340456384812
609,0.5406924020355369
610,0.5337785586630666
611,0.5786554515487148
612,0.8242950678018277
613,0.7737883953204738
614,0.8249229783449183
615,0.8168316905839462
616,0.7561012101002871
617,0.6947627301987086
618,0.5430559051197076
619,0.7194950070949571
620,0.48003441611822717
621,0.7997525977066526
622,0.6652386974386735
623,0.6374129525166665
624,0.8177395656082604
625,0.4035382018176359
626,0.7287429840005689
627,0.5775796717625602
628,0.3494506003670187
629,0.6069506513825428
630,0.7671700699420883
631,0.4793283677378232
632,0.7003171669548676
633,0.7359319803565594
634,0.6249109115957747
635,0.4025696969521347
636,0.5462338775740366
637,0.5414123104555326
638,0.7820475801131128
639,0.37059003845450433
640,0.6890140657360414
641,0.7785275126549694
642,0.7262450723516379
643,0.8097752463077716
644,0.5384432684348439
645,0.3748011763805277
646,0.6383937767484538
647,0.770573722935739
648,0.7218221954952871
649,0.6181850433467723
650,0.49499738746190325
651,0.34599778275203263
652,0.8276037709203137
653,0.47245496821023836
654,0.7163023051779682
655,0.40351114138563854
656,0.6774131676785767
657,0.5933968120027814
658,0.4205261492933035
659,0.6132319996044368
660,0.6037947449243686
661,0.479691561405192
662,0.6914914194724446
663,0.820582026239485
664,0.7445137229778197
665,0.7284169393302915
666,0.7192615378578527
667,0.7397771690474049
668,0.7896501939861186
669,0.8082947771407573
670,0.745369132697786
671,0.8048240659594926
672,0.7800166731445302
673,0.7820111217789543
674,0.6125521375063303
675,0.6757044792768138
676,0.6638235110648498
677,0.7598062567855088
678,0.8271996429926085
679,0.752099196952853
680,0.8474732567827366
681,0.8292728707336472
682,0.7018422515622997
683,0.8374132553390987
684,0.6790788160076673
685,0.8279795935046936
686,0.7057464892587664
687,0.668031432552253
688,0.48375869309457314
689,0.7986674476624291
690,0.5184078231206308
691,0.4814975243669057
692,0.5963559192592104
693,0.37003073661651603
694,0.7525147285471968
695,0.5921743615753899
696,0.803827699078708
697,0.7898603412431805
698,0.7132999617526321
699,0.6841640491885557
700,0.8355982859766273
701,0.38450642333582197
702,0.7865079447552437
703,0.7825721977045468
704,0.5912595392453469
705,0.7591049530639934
706,0.5159896031197411
707,0.6617787204322768
708,0.6589032018421722
709,0.7236079044928705
710,0.6537231887391759
711,0.6493111435463048
712,0.7395927320830594
713,0.5885627629509977
714,0.8312869216296848
715,0.4275807785099423
716,0.8198912852587741
717,0.7221572208040783
718,0.7640632322379965
719,0.7303504815700508
720,0.7720921545477168
721,0.5439610084382478
722,0.7489006585963702
723,0.6914425695599333
724,0.8125362721732378
725,0.43761331741538345
726,0.8096834363338558
727,0.7155639674590881
728,0.5292477506274682
729,0.6462888852594987
730,0.651039309275579
731,0.7765311106762686
732,0.5102801734180114
733,0.8972350175025192
734,0.8674227084739399
735,0.5523564938157063
736,0.4496806694677069
737,0.5910658524171506
738,0.661841559437478
739,0.46038226642529995
740,0.7420324358587844
741,0.6666534243468173
742,0.7151856092573978
743,0.5960693976543696
744,0.8486388564289634
745,0.40844966077157663
746,0.7271411189402783
747,0.6885818683190863
748,0.634538925340328
749,0.44683848916048907
750,0.8491607501344723
751,0.3810514136002011
752,0.8078603349406622
753,0.6624206026934834
754,0.7712797000902024
755,0.6790815403852128
756,0.5880920985152503
757,0.6184474321950507
758,0.445633825646918
759,0.5941646467438062
760,0.8168265797338228
761,0.70818430589169
762,0.7146395045187941
763,0.4627088169410358
764,0.6972301818192677
765,0.5570927992284254
766,0.6203290246282894
767,0.7700996145105636
768,0.7110463050238494
769,0.6834721407635889
770,0.37772170669370186
771,0.4577253369712179
772,0.7075831688083885
773,0.7583083433602279
774,0.6885961356317755
775,0.5078466813816539
776,0.543788978694817
777,0.8236463867981694
778,0.5331375896006237
779,0.33412396299182273
780,0.5627510780043649
781,0.5597505691529723
782,0.6971275551016052
783,0.680281803486519
784,0.6443588330160303
785,0.7224398189528924
786,0.7063279724850828
787,0.814764221419142
788,0.7771689404962592
789,0.6388666368598589
790,0.5358365164289176
791,0.8079385285969984
792,0.7464859408736156
793,0.8275864873408558
794,0.6098001896822842
795,0.38372244206421224
796,0.6343811098285655
797,0.6582587224436032
798,0.7106711848439219
799,0.8310942326413704
800,0.8586597713497712
801,0.7113821465932302
802,0.6994303636388823
803,0.35037449005649957
804,0.817318879174417
805,0.6929083051827996
806,0.83007305330014
807,0.3926129338208552
808,0.8088255639936583
809,0.6930500838261493
810,0.5520145188820346
811,0.7106985283188598
812,0.778361685598667
813,0.6108100392577911
814,0.7560838491581254
815,0.7492251208078503
816,0.5808671058460002
817,0.4169299844399684
818,0.824030703620362
819,0.36379922055077796
820,0.8282108764879808
821,0.42176571957206876
822,0.5098295231687111
823,0.6634181623170649
824,0.6344387003872208
825,0.8299567939413701
826,0.8220661404300976
827,0.4269251439098488
828,0.4263597632498613
829,0.751270076282884
830,0.5752146090719653
831,0.706470060934735
832,0.66357952412017
833,0.38549046481739846
834,0.8091621631704999
835,0.4731947050581165
836,0.7207339911902967
837,0.6170249979007686
838,0.41198337930980217
839,0.8412683193112847
840,0.6389324674215373
841,0.7079566208929471
842,0.5742004397385283
843,0.741788486691566
844,0.6240111330412149
845,0.6072712853473248
846,0.8127378480589458
847,0.36896422623797187
848,0.8470970340626374
849,0.6824145353636637
850,0.7679427173174416
851,0.7704583783066171
852,0.6931254507831803
853,0.46026269589295893
854,0.6781433983638937
855,0.7826970934757673
856,0.4097144934475707
857,0.8097671597198688
858,0.664330668729904
859,0.8522641766099308
860,0.7050631894881225
861,0.8018459599090458
862,0.8796708989879627
863,0.39206558599053815
864,0.7140260327011595
865,0.5127856980380958
866,0.6441286164807254
867,0.7594702555916903
868,0.7450926695171443
869,0.4262612284122772
870,0.7911199412242175
871,0.7848892651313123
872,0.5005283388128484
873,0.7769666036357523
874,0.7773704189672496
875,0.645501111148681
876,0.6733974319756789
877,0.3850671388274493
878,0.38008632280375987
879,0.7024604730163817
880,0.771442241858008
881,0.842388081623579
882,0.7512613396111123
883,0.8237020976737087
884,0.7500935582932384
885,0.641050527006972
886,0.655385332806341
887,0.6096564193427655
888,0.7833635963379888
889,0.4010032984310198
890,0.5607504648452066
891,0.7046060982009517
892,0.8800524274737351
893,0.4437056649522158
894,0.804535977001664
895,0.8291707371135555
896,0.8254460722706283
897,0.5799753337747243
898,0.4903768860651925
899,0.45423986001580596
900,0.4217296271633191
901,0.8082918140414702
902,0.8250124369846656
903,0.36980684825658633
904,0.6926994560065587
905,0.7050063655120866
906,0.734157664880252
907,0.6739378806895804
908,0.6325269826117788
909,0.5816559984540114
910,0.8445014603105552
911,0.6259510796812126
912,0.6736971330927406
913,0.5222893326343702
914,0.38901120686077
915,0.8129761793955603
916,0.6971622121133967
917,0.7198244427558922
918,0.4107955143124137
919,0.6562600800882555
920,0.6398669413325399
921,0.6054256675067385
922,0.7239422045012145
923,0.6803725920571141
924,0.7042006851153233
925,0.3302331948899097
926,0.3386671753149757
927,0.4984294961262692
928,0.5379511358189981
929,0.792170713783364
930,0.6391603453649983
931,0.731740146877584
932,0.7009113476387865
933,0.8830826342484077
934,0.7801677259511894
935,0.6530395492581742
936,0.49030440700242245
937,0.6575477658926728
938,0.7791519098156184
939,0.37524957327621805
940,0.41448614460202227
941,0.7214652894359518
942,0.7656288611074444
943,0.7935580842841843
944,0.672598868014993
945,0.7340870515089135
946,0.5648922211860308
947,0.7015873651914637
948,0.4563138897063411
949,0.7618342344345232
950,0.7689735564228619
951,0.7640497616811786
952,0.683568137167357
953,0.7232282871804412
954,0.7205241249918166
955,0.6881534943656561
956,0.7739222066950658
957,0.7711153630396359
958,0.6846336589766866
959,0.7671072199377422
960,0.7247924030489431
961,0.6425910423326425
962,0.832716680600207
963,0.3875897989843498
964,0.7430804124829394
965,0.722829648015342
966,0.45556828425318424
967,0.8095507893171687
968,0.5733915490810797
969,0.8616503437804104
970,0.6915191248982131
971,0.5485209915953881
972,0.8285789402769808
973,0.5884566922714701
974,0.5586456702876056
975,0.5568391650514181
976,0.7614906444972116
977,0.8080447833252384
978,0.4153788996604463
979,0.7285181632401736
980,0.6120870680303923
981,0.6648195595303774
982,0.7765270249535214
983,0.5760721792678146
984,0.7253008812175676
985,0.7726843505458948
986,0.40960529403415186
987,0.5638271371035596
988,0.5059687730699632
989,0.6339865586334288
990,0.4681779704361652
991,0.8467369971304077
992,0.6541541670596875
993,0.7977485635423843
994,0.5086047635739085
995,0.4207790178860126
996,0.6883220867212513
997,0.6983417821651721
998,0.5839987009251142
999,0.8088898743208502
1000,0.7346720415151178
1001,0.8529603211416168
1002,0.7166049874421407
1003,0.6974129438005324
1004,0.5930483304737829
1005,0.6748692598145647
1006,0.48744793949308435
1007,0.8248247972961282
1008,0.4199117654080557
1009,0.5391444435020454
1010,0.8290789147990671
1011,0.492782453639938
1012,0.8416818634667126
1013,0.38083479761699646
1014,0.40570319078153694
1015,0.8440960637288923
1016,0.6270350079436029
1017,0.46345734194745636
1018,0.805482130926102
1019,0.7229041260275635
1020,0.7976549451747403
1021,0.5653271073319422
1022,0.7356825388911796
1023,0.6804639067419672
1024,0.6924962020944962
1025,0.7647186694789919
1026,0.6071164615956738
1027,0.6910807155844716
1028,0.5645149242318284
1029,0.730171044987442
1030,0.8103294629704763
1031,0.6108709027728788
1032,0.43538605683935533
1033,0.5551825198512615
1034,0.6445285179817059
1035,0.4686800475550834
1036,0.6659201647013178
1037,0.3396079761112229
1038,0.7434579310344729
1039,0.7775280968165713
1040,0.7692814949430646
1041,0.555595605568557
1042,0.6108162388399988
1043,0.7195709148987547
1044,0.6303771711393411
1045,0.8270865005532174
1046,0.7686951728234459
1047,0.8031526787048686
1048,0.782383283155798
1049,0.7540921674270822
1050,0.7905025115289337
1051,0.6170400883277705
1052,0.6866640019136949
1053,0.7089251996181796
1054,0.42119127584465993
1055,0.7797756073691342
1056,0.5715054521455751
1057,0.6681418897391501
1058,0.6610043893581782
1059,0.4974029530751896
1060,0.5121822755882462
1061,0.7225526457427169
1062,0.806161600514106
1063,0.5589048741345747
1064,0.4201178951051655
1065,0.7119606697918479
1066,0.825077526306855
1067,0.5796669153722486
1068,0.7505832938055723
1069,0.5564542586386365
1070,0.4963257992891761
1071,0.43197867516210925
1072,0.5758259706217317
1073,0.6869800620348285
1074,0.5326393081632675
1075,0.7327707364363842
1076,0.5769563023839277
1077,0.5791103811362357
1078,0.4872476055687589
1079,0.6949327837620565
1080,0.7253794423512255
1081,0.4424140717400402
1082,0.754398216717405
1083,0.6767673014581418
1084,0.8292015536938677
1085,0.44176925967962033
1086,0.4564879698480281
1087,0.5919434490115305
1088,0.6560915290793218
1089,0.6175116474733628
1090,0.7261867564557315
1091,0.6301209415985455
1092,0.6560777879984527
1093,0.6548394921300744
1094,0.4340845843020949
1095,0.7517236899143964
1096,0.7194900255183433
1097,0.828160511782947
1098,0.7792302668360032
1099,0.7185822691350037
1100,0.5551823542340584
1101,0.3880304833416144
1102,0.569121304541062
1103,0.4744009213185094
1104,0.4875887834381673
1105,0.6005556698620518
1106,0.4179282051987763
1107,0.807058954393603
1108,0.8938978784547582
1109,0.8330663794319294
1110,0.8631650252933922
1111,0.35872786616059305
1112,0.6881918824337196
1113,0.6171316914352151
1114,0.5477734953561112
1115,0.43916893015731145
1116,0.6614725635553578
1117,0.7043426583592624
1118,0.4200416056252406
1119,0.7721737083192812
1120,0.4199406265847564
1121,0.6731185636699188
1122,0.7089922409734128
1123,0.591712614799311
1124,0.5357563044525979
1125,0.7266911469310174
1126,0.44050348626426067
1127,0.7286234341197477
1128,0.7404251855487893
1129,0.4617287363555336
1130,0.8742692321052099
1131,0.633538034270057
1132,0.7447173524072708
1133,0.474931994180539
1134,0.6740160260030261
1135,0.3923952566693988
1136,0.7238988063468559
1137,0.6470124473109471
1138,0.6282039561034493
1139,0.4378469562154428
1140,0.6998809593202445
1141,0.4672364060522585
1142,0.7777622621791407
1143,0.6763842803167477
1144,0.6292002521232622
1145,0.7567445943457638
1146,0.755157678434093
1147,0.8741075787539183
1148,0.6963554991394982
1149,0.43952394028783387
1150,0.575203343046063
1151,0.6071557282018434
1152,0.712099881722096
1153,0.42966051380721293
1154,0.6862348681819781
1155,0.7091241871333447
1156,0.5450551051308407
1157,0.7411060588400169
1158,0.5112871216453054
1159,0.5727712768626739
1160,0.39374158095076617
1161,0.7572327195966051
1162,0.6499938308812838
1163,0.34706514352934853
1164,0.7081716352701727
1165,0.6574476621356742
1166,0.7771089157813433
1167,0.526594326874161
1168,0.6621159442721644
1169,0.27940178414606737
1170,0.5922132580678954
1171,0.692983237413952
1172,0.637599534695476
1173,0.39929321538126594
1174,0.5855192455289533
1175,0.6418745252931748
1176,0.516046864922118
1177,0.7705503925756987
1178,0.5896020383489858
1179,0.8500392559760199
1180,0.6152542154410998
1181,0.8704204923947569
1182,0.6531023049524558
1183,0.8191547258773827
1184,0.5963604801264804
1185,0.5369429199106346
1186,0.5148277684597924
1187,0.6340226941338102
1188,0.84517791012204
1189,0.6736699557377892
1190,0.6588843458095224
1191,0.6266485513240948
1192,0.7431690545427221
1193,0.579802915596916
1194,0.724274867827997
1195,0.7517377206757259
1196,0.687112638472282
1197,0.7721411918775197
1198,0.8314947943556816
1199,0.6712893417219278
1200,0.6142831150181206
1201,0.7985296074044586
1202,0.6942093611707333
1203,0.7901783801045273
1204,0.8292765734086709
1205,0.5537720065335666
1206,0.600595798743826
1207,0.7825242089706427
1208,0.4206875931156411
1209,0.7883888689926215
1210,0.6936964165302529
1211,0.6944509855686581
1212,0.6993504466271191
1213,0.5781204740897202
1214,0.8147583278365901
1215,0.7019084214152024
1216,0.5971558570043345
1217,0.6223615851605978
1218,0.7711208242865152
1219,0.4383631892477339
1220,0.5490575893014397
1221,0.609623585866496
1222,0.7792374835217236
1223,0.6290868794349695
1224,0.2535910580123528
1225,0.5097687452913722
1226,0.5193607021711264
1227,0.3975899154724147
1228,0.7363970928846691
1229,0.5965523123407757
1230,0.7475987101011912
1231,0.805023729751146
1232,0.4615028161318517
1233,0.7214223888039015
1234,0.46461312042271685
1235,0.7269133021758083
1236,0.6989987643098973
1237,0.8666194905179017
1238,0.8218827473624308
1239,0.4707820385361623
1240,0.7653475524013841
1241,0.37712593021903407
1242,0.7526680055704329
1243,0.7107942191396517
1244,0.6053689194681409
1245,0.657227408703991
1246,0.843577522626003
1247,0.8168791727881267
1248,0.5198113506743959
1249,0.36619131972553143
1250,0.516438535038018
1251,0.7805253674641837
1252,0.8176925928027934
1253,0.7977847205169359
1254,0.8510291364025606
1255,0.6769931941707615
1256,0.7886109337332761
1257,0.6304604732397278
1258,0.353450990898689
1259,0.5841868348203421
1260,0.35073690299385174
1261,0.508985116020835
1262,0.8230704220925181
1263,0.8124944471627067
1264,0.7657810058662016
1265,0.738391362110179
1266,0.5806675074080562
1267,0.6539836667256983
1268,0.7807559316210514
1269,0.6398208613533849
1270,0.6354451558813611
1271,0.6882283549829775
1272,0.6606431467300536
1273,0.46711361629894127
1274,0.7258853146195371
1275,0.5680561818515908
1276,0.7822594420095557
1277,0.6603731253513481
1278,0.5179864581251095
1279,0.5529463727197291
1280,0.8004418845522101
1281,0.8353624785078653
1282,0.5611839833077691
1283,0.44900032455754507
1284,0.6489057960637872
1285,0.7974280478348568
1286,0.7219837196429698
1287,0.6638360653237618
1288,0.8314977593041106
1289,0.7619081106186834
1290,0.5337423421678739
1291,0.7040833170868145
1292,0.6541847948940651
1293,0.6677821804509653
1294,0.643763913529477
1295,0.7932402866154075
1296,0.672200267389494
1297,0.6044279977743506
1298,0.7530389038630034
1299,0.6593163208686001
1300,0.7529451346392186
1301,0.696939880393028
1302,0.8174855356641915
1303,0.6222343123934454
1304,0.8564111731163602
1305,0.5948774527592694
1306,0.6011196006267714
1307,0.3658611339895853
1308,0.7283953406864909
1309,0.8242064605814143
1310,0.6837846496798704
1311,0.7585694568899994
1312,0.7059553581361497
1313,0.7164003795582494
1314,0.6404302556423331
1315,0.6979535992649345
1316,0.6594113517923927
1317,0.5844829271916511
1318,0.5522163613983561
1319,0.737514591193458
1320,0.570228639445835
1321,0.8293768766230974
1322,0.5475668439972479
1323,0.6391944026821528
1324,0.7946702594187411
1325,0.728878831366301
1326,0.8456416019889246
1327,0.37035001609336476
1328,0.3143616899399857
1329,0.7161558599334572
1330,0.6338647001744072
1331,0.7867301321065405
1332,0.5045122458746312
1333,0.5079462968451911
1334,0.7605151461951314
1335,0.548408699657148
1336,0.4737789981917868
1337,0.782621818674877
1338,0.7947436470051199
1339,0.7498118772186211
1340,0.5482480873910924
1341,0.7674647785806714
1342,0.7411637299473748
1343,0.4511867297672687
1344,0.73414969965491
1345,0.8400102856019089
1346,0.42975990928299906
1347,0.735183033659571
1348,0.7064665426697783
1349,0.6975437867590976
1350,0.44369171274645736
1351,0.6942253256143548
1352,0.5716299025035495
1353,0.8080643417022177
1354,0.8092123950350852
1355,0.8024152832434233
1356,0.37109257048434363
1357,0.7183273852431544
1358,0.5104093697820901
1359,0.6753985116098324
1360,0.5828368632857917
1361,0.7882211461290333
1362,0.5147174637900342
1363,0.6597859859100728
1364,0.7993490499300329
1365,0.5490853028175199
1366,0.657367062647753
1367,0.6829065606083742
1368,0.6534738210467292
1369,0.7661127718992731
1370,0.7322519619921625
1371,0.6670150465054906
1372,0.5742409681428816
1373,0.6362696202179918
1374,0.6780676990846772
1375,0.6377270241900008
1376,0.7464729337296415
1377,0.7841864464833144
1378,0.3999195595285631
1379,0.6133807187917889
1380,0.4982121482952036
1381,0.7486795435162186
1382,0.6898566214887456
1383,0.7082044585831717
1384,0.6364883187847648
1385,0.7152073200238845
1386,0.7957930263968851
1387,0.7463491491664396
1388,0.776616628408996
1389,0.7231348354446836
1390,0.6671907593508845
1391,0.5681542404808833
1392,0.785774629696764
1393,0.7894101910520237
1394,0.3054270396089151
1395,0.5590466559725122
1396,0.7054662529119782
1397,0.4237676637794118
1398,0.7390332146128715
1399,0.8277719448632739
1400,0.7883897385851898
1401,0.8340916949089385
1402,0.4995887459536883
1403,0.7839097489462292
1404,0.35596601854010823
1405,0.506218703773596
1406,0.8281422170082309
1407,0.7668586620147104
1408,0.8366346164757283
1409,0.3421588316334523
1410,0.6910416509583441
1411,0.7289874824807876
1412,0.4138992165112385
1413,0.8195270889883537
1414,0.666183522738218
1415,0.8314479818117209
1416,0.7970411665784386
1417,0.803933601007464
1418,0.7549927092582533
1419,0.43400918346105427
1420,0.8018782565217231
1421,0.6827167755596195
1422,0.8985824359777919
1423,0.6601712956915512
1424,0.6678133357579824
1425,0.40216292880042936
1426,0.8530659246998624
1427,0.3814540735621858
1428,0.5442625927374865
1429,0.41501777910460846
1430,0.2612409601895077
1431,0.7379343718978981
1432,0.7309164364604415
1433,0.4097454326395572
1434,0.5964359402525552
1435,0.5477227492246052
1436,0.6985454103310402
1437,0.8415509140986653
1438,0.7133372050970137
1439,0.8226066956519671
1440,0.6852969122962658
1441,0.5409620191353979
1442,0.6102943287366447
1443,0.6452419609190807
1444,0.7678144901534834
1445,0.641288551998081
1446,0.6672455409989119
1447,0.5759126876320446
1448,0.8406324647342036
1449,0.5431875281493117
1450,0.723840861206606
1451,0.8022066354419004
1452,0.7623024684860279
1453,0.6844811460819225
1454,0.38233578613627606
1455,0.6663107290725694
1456,0.8250623084827531
1457,0.8620117457141853
1458,0.7277168489204788
1459,0.7199187232385302
1460,0.41965289783975734
1461,0.6252747708640611
1462,0.6558372315042736
1463,0.33044022569197107
1464,0.6645078737783139
1465,0.6047373383155807
1466,0.7614774780469109
1467,0.6824531994530436
1468,0.5908205553871617
1469,0.7218449300187579
1470,0.8180909696574657
1471,0.756324079534975
1472,0.6939033891879904
1473,0.35320334306895745
1474,0.7895027379630308
1475,0.5891924764672177
1476,0.8427373407295311
1477,0.828192691125093
1478,0.6354364499657668
1479,0.6122487896535379
1480,0.5707145813518097
1481,0.871923144762826
1482,0.6926980009542248
1483,0.7325426085005458
1484,0.673416974956867
1485,0.5696735977022054
1486,0.5481495175982453
1487,0.7126819020464461
1488,0.7665179723131459
1489,0.5350900604977575
1490,0.6860547968918443
1491,0.811762891538335
1492,0.7128022353446549
1493,0.7494515261346636
1494,0.658018176904491
1495,0.5626253468393617
1496,0.6284804688367305
1497,0.7369780270047328
1498,0.7579738254263761
1499,0.6325150142628855
1500,0.6286034583945753
1501,0.744805945654758
1502,0.7451164578020675
1503,0.6287204267520202
1504,0.5602791042949973
1505,0.8172445290715418
1506,0.5819513745230964
1507,0.6169354633221854
1508,0.6934538877576255
1509,0.7610671209171904
1510,0.7683167408690637
1511,0.7346407383864076
1512,0.6543553837028858
1513,0.7973051930050266
1514,0.6953476744659133
1515,0.44746222326268315
1516,0.397933833417387
1517,0.7364556406194097
1518,0.5293002076630473
1519,0.7097587941098707
1520,0.5385269172060932
1521,0.740303466259027
1522,0.40922472534052057
1523,0.5143761717124891
1524,0.4587018382800978
1525,0.6635956428787028
1526,0.6536621690404496
1527,0.5847092172280756
1528,0.42906035789709995
1529,0.8337320722634214
1530,0.6532296732664794
1531,0.7383794441175271
1532,0.7068077883030923
1533,0.5411433850658157
1534,0.6273922213484092
1535,0.6160087958712211
1536,0.7387981757981321
1537,0.7946792772403671
1538,0.7055988021679297
1539,0.3025198830183706
1540,0.5336249666982937
1541,0.8061245911567902
1542,0.3899354426843745
1543,0.5507515611168025
1544,0.6265734494428284
1545,0.8866588390158696
1546,0.6466780702441235
1547,0.7819731324946245
1548,0.35400437442835553
1549,0.7745495333433834
1550,0.7475847573863583
1551,0.4403446144395857
1552,0.8385291250361435
1553,0.7230858530512205
1554,0.6497847528428135
1555,0.5026776173243066
1556,0.6686599253245987
1557,0.7414404260604104
1558,0.6294031172273653
1559,0.7376412927656498
1560,0.7689449368856591
1561,0.6008725653741388
1562,0.7456932035463644
1563,0.6139012998439402
1564,0.7490821394242138
1565,0.38355246902366136
1566,0.6777171426873287
1567,0.7202594282029722
1568,0.6220467656408855
1569,0.8139987297459146
1570,0.5957665108802827
1571,0.36495052145422113
1572,0.584573925584126
1573,0.8007204686612526
1574,0.5606450341110147
1575,0.5601728465010137
1576,0.7656055466639309
1577,0.8496308589659375
1578,0.7606584033476662
1579,0.8079780277266557
1580,0.7614713442254626
1581,0.8444720122929344
1582,0.2944940397105856
1583,0.7419463810200646
1584,0.6859516498897349
1585,0.791046805172
1586,0.6783720455105494
1587,0.7693548615354155
1588,0.4440124210016946
1589,0.5605874815730648
1590,0.755234471463017
1591,0.5059021312759041
1592,0.47111603625836257
1593,0.6444065718059021
1594,0.7882631150191712
1595,0.7370760470917215
1596,0.8039014360030508
1597,0.5640743569392406
1598,0.8060199757482156
1599,0.4302133721355038
1600,0.6214615000880526
1601,0.4030986122883191
1602,0.7504450472858755
1603,0.657346932290751
1604,0.6589496148481027
1605,0.5990869026681558
1606,0.6382246072156154
1607,0.6478792184669846
1608,0.5802872002135476
1609,0.6511553905869913
1610,0.6394185637434989
1611,0.6549023411077018
1612,0.34379643698636697
1613,0.7612166710457713
1614,0.3885990573617746
1615,0.6837211723522603
1616,0.5390010144927901
1617,0.5199310419263986
1618,0.6356000031583318
1619,0.7340254001990989
1620,0.75872724716377
1621,0.40773256167846217
1622,0.58885186508498
1623,0.7928111509104195
1624,0.778655751229621
1625,0.4877947006417853
1626,0.879349078719478
1627,0.8613329015440154
1628,0.294800745212305
1629,0.826378791851972
1630,0.6763360992833308
1631,0.5923865668528181
1632,0.718507307761105
1633,0.7684044544441511
1634,0.8017322684012411
1635,0.526733194703698
1636,0.7579854487622494
1637,0.451950806732898
1638,0.5991954575525908
1639,0.7860015963468183
1640,0.6886060850387047
1641,0.7451000281562379
1642,0.6720764170789442
1643,0.7487574426105426
1644,0.3689266334096498
1645,0.7022204332075666
1646,0.6398425432792918
1647,0.3136079794462849
1648,0.6845208124404935
1649,0.5474265058527108
1650,0.7243619705830142
1651,0.766974654995283
1652,0.82150333506868
1653,0.6188164885457819
1654,0.6087434195055016
1655,0.6009472462274054
1656,0.4547236002038404
1657,0.4378116957245304
1658,0.4204373098321527
1659,0.749713484430587
1660,0.6235877154157662
1661,0.6499854249477655
1662,0.5078034952167734
1663,0.7026132837455579
1664,0.5512478711197397
1665,0.40652321367598787
1666,0.8258943660283989
1667,0.4033842772901718
1668,0.5942008045874786
1669,0.5083441918679601
1670,0.6243988622615836
1671,0.6601310591079459
1672,0.7378814262729018
1673,0.7667218176932696
1674,0.27321939866184597
1675,0.627437397831152
1676,0.7807519481976721
1677,0.6708412637736068
1678,0.6816572389312527
1679,0.7786452931483774
1680,0.820818939653309
1681,0.7656153254365019
1682,0.6317065298269812
1683,0.6505600237588247
1684,0.7103477463411587
1685,0.554966697175321
1686,0.7517922250152786
1687,0.47443623525805506
1688,0.41935133537662916
1689,0.5625807224973545
1690,0.8404333254169093
1691,0.7140589578646162
1692,0.8173112337799017
1693,0.4941998866727
1694,0.8199945551998242
1695,0.5021989368884943
1696,0.7242170971678682
1697,0.7650710407666986
1698,0.7290395966721706
1699,0.5661492210143155
1700,0.4347861681998611
1701,0.6340700579592928
1702,0.7317999991802489
1703,0.49947539422043213
1704,0.6753940328841186
1705,0.7388502171063074
1706,0.5641065923231379
1707,0.5641789501939315
1708,0.3759036560917154
1709,0.41438531255193883
1710,0.7364573323104631
1711,0.6039624846174417
1712,0.6182148774061687
1713,0.7111107411104931
1714,0.7501094163671536
1715,0.6248137199573353
1716,0.7597330167578729
1717,0.7999961741855497
1718,0.3957392420593254
1719,0.5727088773649229
1720,0.7824417552013669
1721,0.7991619788125919
1722,0.4109617486088547
1723,0.6934304801196399
1724,0.631140706475653
1725,0.7757801251653047
1726,0.676269113226573
1727,0.7236941784061421
1728,0.6891577396167462
1729,0.8292807299164656
1730,0.43688249483926145
1731,0.8091022524539014
1732,0.3883309453808184
1733,0.7747450431799365
1734,0.7409761671073811
1735,0.6745291226973131
1736,0.6178385608957799
1737,0.6984415546587065
1738,0.7831940552709271
1739,0.6608108588108434
1740,0.7924075947172806
1741,0.502127269984601
1742,0.6023837471720406
1743,0.6930638143500369
1744,0.6590536359883233
1745,0.6774487647490298
1746,0.4082591035029895
1747,0.466655574374758
1748,0.8205056270633695
1749,0.3914037398856258
1750,0.6108596716434014
1751,0.8148059356010793
1752,0.7537435508027315
1753,0.7159873719530956
1754,0.31214396635076624
1755,0.7282221897695683
1756,0.6465609182713911
1757,0.7056489632413927
1758,0.7992338118126696
1759,0.7403767349919927
1760,0.7948277214781838
1761,0.5746613826809486
1762,0.7639661787516219
1763,0.8089298650075752
1764,0.6286382908978757
1765,0.5985085311517989
1766,0.8410316833514828
1767,0.6332807378489352
1768,0.7755125050926746
1769,0.3508658116665009
1770,0.6648431524157563
1771,0.5549161667485938
1772,0.7372060060914316
1773,0.3432467914013289
1774,0.7184979045691969
1775,0.30962049470936526
1776,0.755380875969021
1777,0.7808948175192671
1778,0.7620362923189685
1779,0.8071064064440275
1780,0.669097994271604
1781,0.6388838227474218
1782,0.5395131286734749
1783,0.6633321682287622
1784,0.7216127440166242
1785,0.6483324991752857
1786,0.747141571144643
1787,0.8266938344587884
1788,0.2864731694009083
1789,0.6526264456500769
1790,0.39794211646232797
1791,0.5790932542438836
1792,0.8616359825786051
1793,0.6871232739719856
1794,0.788626970158597
1795,0.7269347721904085
1796,0.7183947474649282
1797,0.8098479795547114
1798,0.6843635715645933
1799,0.8360378290628248
1800,0.7547013588793143
1801,0.6685444640052067
1802,0.6975036712346249
1803,0.6897951607779801
1804,0.7068724743248755
1805,0.7688074543532306
1806,0.8749399198523116
1807,0.6976410337341511
1808,0.7889415417013756
1809,0.8447341424639336
1810,0.7885981489575935
1811,0.6617742468150136
1812,0.879855485805138
1813,0.8990300204280411
1814,0.7399696035749224
1815,0.7402640274509585
1816,0.7332113760731729
1817,0.66429334791429
1818,0.7821921367148492
1819,0.7539129173644425
1820,0.7687464530803649
1821,0.3677905455963817
1822,0.5405059277126564
1823,0.6014568455068066
1824,0.4111938499713003
1825,0.5043845669899262
1826,0.5883147582009072
1827,0.6468243825206887
1828,0.7166191080419082
1829,0.45518298702240684
1830,0.5870786305516673
1831,0.5928204589956065
1832,0.7433794564484308
1833,0.32772865711103794
1834,0.6250552677236244
1835,0.6405947780201249
1836,0.6854338067698211
1837,0.4671146813321595
1838,0.37210331158719934
1839,0.5263364225911161
1840,0.8057866840131701
1841,0.7140065465631381
1842,0.24746215718582162
1843,0.897527150245847
1844,0.7644903452259588
1845,0.5952032328942535
1846,0.4479015219151443
1847,0.6322341854811427
1848,0.6424775107298881
1849,0.36295404275566046
1850,0.6604923742009285
1851,0.7619260630461153
1852,0.7923107425572886
1853,0.632159779496114
1854,0.6265603529595482
1855,0.62335911129042
1856,0.7591147560363081
1857,0.780546671529406
1858,0.7548232056449329
1859,0.6492425855848729
1860,0.7124518990068573
1861,0.8116775886259442
1862,0.7300322236767621
1863,0.6903530590961933
1864,0.612715659921699
1865,0.4581217327730218
1866,0.33972983131411794
1867,0.46501886779883017
1868,0.7110472335384077
1869,0.875463123172036
1870,0.6370689481156518
1871,0.5634989187488642
1872,0.7878019514479001
1873,0.6678632969116877
1874,0.8417146229835384
1875,0.5062484527018524
1876,0.6075441489717311
1877,0.691301575599709
1878,0.7708328912022508
1879,0.7033457508105112
1880,0.3100115959048031
1881,0.8393265874276341
1882,0.8003577444246532
1883,0.4975012872481267
1884,0.745656187734208
1885,0.37608229745957644
1886,0.6566891685646696
1887,0.6003801744773556
1888,0.6720147505774555
1889,0.7864198743129682
1890,0.799692671783267
1891,0.7094914175984636
1892,0.5862762263823188
1893,0.7107953438513417
1894,0.774417119153727
1895,0.6058134070680904
1896,0.7008634434323491
1897,0.7447939435924775
1898,0.449172362143311
1899,0.5521164967613105
1900,0.769282785598658
1901,0.6765690851039063
1902,0.41770307121565686
1903,0.5244624720984077
1904,0.7904313664996838
1905,0.6273464344874463
1906,0.717211062861937
1907,0.5783694405506477
1908,0.6504745955078675
1909,0.598708141226103
